<?xml version="1.0" encoding="utf-8" ?>
<Patch>
	
	<Operation Class="PatchOperationFindMod">
		<mods>
			<li>VGP Garden Gourmet</li>
		</mods>
		<match Class="PatchOperationSequence">
		<success>Always</success>
		<operations>
			<!--  Pizza -->
			<li Class="PatchOperationAdd">
				<xpath>/Defs/RecipeDef[defName="Bakepizza"]/ingredients/li[2]/filter/thingDefs</xpath>
				<value>
					<li>FRMT_CheeseMozzarella</li>
				</value>
			</li>
			<li Class="PatchOperationAdd">
				<xpath>/Defs/RecipeDef[defName="Bakepizza"]/fixedIngredientFilter/thingDefs</xpath>
				<value>
					<li>FRMT_CheeseMozzarella</li>
				</value>
			</li>
			<li Class="PatchOperationAdd">
				<xpath>/Defs/RecipeDef[defName="Bakepizza"]/defaultIngredientFilter/thingDefs</xpath>
				<value>
					<li>FRMT_CheeseMozzarella</li>
				</value>
			</li>
			<li Class="PatchOperationConditional">
				<xpath>/Defs/RecipeDef[defName="Bakepizza"]/allowMixingIngredients</xpath>
				<match Class="PatchOperationReplace">
					<xpath>/Defs/RecipeDef[defName="Bakepizza"]/allowMixingIngredients</xpath>
					<value>
						<allowMixingIngredients>true</allowMixingIngredients>
					</value>
				</match>
				<nomatch Class="PatchOperationAdd">
					<xpath>/Defs/RecipeDef[defName="Bakepizza"]</xpath>
					<value>
						<allowMixingIngredients>true</allowMixingIngredients>
					</value>
				</nomatch>
			</li>
			<!--  Burgers -->
			<li Class="PatchOperationAdd">
				<xpath>/Defs/RecipeDef[defName="Cookgrilledsandwich"]/ingredients/li[2]/filter/thingDefs</xpath>
				<value>
					<li>FRMT_CheeseMozzarella</li>
				</value>
			</li>
			<li Class="PatchOperationAdd">
				<xpath>/Defs/RecipeDef[defName="Cookgrilledsandwich"]/fixedIngredientFilter/thingDefs</xpath>
				<value>
					<li>FRMT_CheeseMozzarella</li>
				</value>
			</li>
			<li Class="PatchOperationAdd">
				<xpath>/Defs/RecipeDef[defName="Cookgrilledsandwich"]/defaultIngredientFilter/thingDefs</xpath>
				<value>
					<li>FRMT_CheeseMozzarella</li>
				</value>
			</li>
			<li Class="PatchOperationConditional">
				<xpath>/Defs/RecipeDef[defName="Cookgrilledsandwich"]/allowMixingIngredients</xpath>
				<match Class="PatchOperationReplace">
					<xpath>/Defs/RecipeDef[defName="Cookgrilledsandwich"]/allowMixingIngredients</xpath>
					<value>
						<allowMixingIngredients>true</allowMixingIngredients>
					</value>
				</match>
				<nomatch Class="PatchOperationAdd">
					<xpath>/Defs/RecipeDef[defName="Cookgrilledsandwich"]</xpath>
					<value>
						<allowMixingIngredients>true</allowMixingIngredients>
					</value>
				</nomatch>
			</li>
			<!--  Tacos -->
			<li Class="PatchOperationAdd">
				<xpath>/Defs/RecipeDef[defName="CookTacos"]/ingredients/li[2]/filter/thingDefs</xpath>
				<value>
					<li>FRMT_CheeseMozzarella</li>
					<li>FRMT_CheeseCottage</li>
				</value>
			</li>
			<li Class="PatchOperationAdd">
				<xpath>/Defs/RecipeDef[defName="CookTacos"]/fixedIngredientFilter/thingDefs</xpath>
				<value>
					<li>FRMT_CheeseMozzarella</li>
					<li>FRMT_CheeseCottage</li>
				</value>
			</li>
			<li Class="PatchOperationAdd">
				<xpath>/Defs/RecipeDef[defName="CookTacos"]/defaultIngredientFilter/thingDefs</xpath>
				<value>
					<li>FRMT_CheeseMozzarella</li>
					<li>FRMT_CheeseCottage</li>
				</value>
			</li>
			<li Class="PatchOperationConditional">
				<xpath>/Defs/RecipeDef[defName="CookTacos"]/allowMixingIngredients</xpath>
				<match Class="PatchOperationReplace">
					<xpath>/Defs/RecipeDef[defName="CookTacos"]/allowMixingIngredients</xpath>
					<value>
						<allowMixingIngredients>true</allowMixingIngredients>
					</value>
				</match>
				<nomatch Class="PatchOperationAdd">
					<xpath>/Defs/RecipeDef[defName="CookTacos"]</xpath>
					<value>
						<allowMixingIngredients>true</allowMixingIngredients>
					</value>
				</nomatch>
			</li>
			<!-- Gilled Cheese Sandwich -->
			<li Class="PatchOperationAdd">
				<xpath>/Defs/RecipeDef[defName="CookGrillcheese"]/ingredients/li[2]/filter/thingDefs</xpath>
				<value>
					<li>FRMT_CheeseMozzarella</li>
					<li>FRMT_CheeseCottage</li>
				</value>
			</li>
			<li Class="PatchOperationAdd">
				<xpath>/Defs/RecipeDef[defName="CookGrillcheese"]/fixedIngredientFilter/thingDefs</xpath>
				<value>
					<li>FRMT_CheeseMozzarella</li>
					<li>FRMT_CheeseCottage</li>
				</value>
			</li>
			<!--
			<li Class="PatchOperationAdd">
				<xpath>/Defs/RecipeDef[defName="CookGrillcheese"]/defaultIngredientFilter/thingDefs</xpath>
				<value>
					<li>FRMT_CheeseMozzarella</li>
					<li>FRMT_CheeseCottage</li>
				</value>
			</li>
			-->
			<li Class="PatchOperationConditional">
				<xpath>/Defs/RecipeDef[defName="CookGrillcheese"]/allowMixingIngredients</xpath>
				<match Class="PatchOperationReplace">
					<xpath>/Defs/RecipeDef[defName="CookGrillcheese"]/allowMixingIngredients</xpath>
					<value>
						<allowMixingIngredients>true</allowMixingIngredients>
					</value>
				</match>
				<nomatch Class="PatchOperationAdd">
					<xpath>/Defs/RecipeDef[defName="CookGrillcheese"]</xpath>
					<value>
						<allowMixingIngredients>true</allowMixingIngredients>
					</value>
				</nomatch>
			</li>
		</operations>
		</match>
	</Operation>
	
</Patch>