<?xml version="1.0" encoding="utf-8" ?>
<Patch>
	
	<Operation Class="PatchOperationFindMod">
		<mods>
			<li>Ghost Gear</li>
		</mods>
		<match Class="PatchOperationSequence">
			<success>Always</success>
			<operations>
				<li Class="PatchOperationReplace">
					<xpath>/Defs/ThingDef[defName="RPHexane"]/thingCategories</xpath>
					<value>
						<thingCategories Inherit="false">
							<li>FRMT_Resources</li>
							<li>GGManufactured</li>
						</thingCategories>
					</value>
				</li>
			</operations>
		</match>
	</Operation>
	
</Patch>