<?xml version="1.0" encoding="utf-8"?>
<Defs>
	
	<ThingDef Name="FRMT_RawVegBase" ParentName="OrganicProductBase" Abstract="True">
		<statBases>
			<MaxHitPoints>50</MaxHitPoints>
			<Nutrition>0.05</Nutrition>
			<Flammability>0.2</Flammability>
			<Mass>0.035</Mass>
			<FoodPoisonChanceFixedHuman>0.1</FoodPoisonChanceFixedHuman>
		</statBases>
		<stackLimit>75</stackLimit>
		<ingestible>
			<foodType>VegetableOrFruit</foodType>
			<preferability>RawTasty</preferability>
			<ingestEffect>EatVegetarian</ingestEffect>
			<ingestSound>RawVegetable_Eat</ingestSound>
			<tasteThought>AtePickledVeg</tasteThought>
		</ingestible>
		<socialPropernessMatters>true</socialPropernessMatters>
		<thingCategories Inherit="false">
			<li>PlantFoodRaw</li>
			<li>FRMT_Pickles</li>
		</thingCategories>
		<generateCommonality>0</generateCommonality>
	</ThingDef>
	
	<ThoughtDef>
    	<defName>AtePickledVeg</defName>
		<showBubble>true</showBubble>
		<icon>Things/Mote/ThoughtSymbol/Food</icon>
		<durationDays>1</durationDays>
    	<stages>
      		<li>
        		<label>ate pickled veg</label>
        		<description>There's something zingy about eating pickles</description>
        		<baseMoodEffect>1</baseMoodEffect>
      		</li>
    	</stages>
  	</ThoughtDef>
	
	<ThoughtDef>
    	<defName>AtePickledFruit</defName>
		<showBubble>true</showBubble>
		<icon>Things/Mote/ThoughtSymbol/Food</icon>
		<durationDays>1</durationDays>
    	<stages>
      		<li>
        		<label>ate pickled fruit</label>
        		<description>There's something zingy about eating preserved fruit</description>
        		<baseMoodEffect>2</baseMoodEffect>
      		</li>
    	</stages>
  	</ThoughtDef>
	
	<ThoughtDef>
    	<defName>AtePickledFungi</defName>
		<showBubble>true</showBubble>
		<icon>Things/Mote/ThoughtSymbol/Food</icon>
		<durationDays>1</durationDays>
    	<stages>
      		<li>
        		<label>ate pickled fungi</label>
        		<description>There's something zingy about eating pickles</description>
        		<baseMoodEffect>1</baseMoodEffect>
      		</li>
    	</stages>
  	</ThoughtDef>
	
	<!--  Pickled Veg -->
	
	<ThingDef ParentName="FRMT_RawVegBase">
    	<defName>FRMT_VegPickled</defName>
    	<label>Pickled Vegetables</label>
    	<description>Vegetables that has been prepared in vinegar for preserving</description>
    	<graphicData>
      		<texPath>Things/Item/Resource/FRMT_VegPickled</texPath>
      		<graphicClass>Graphic_StackCount</graphicClass>
    	</graphicData>
    	<statBases>
      		<MarketValue>4.7</MarketValue>
			<DeteriorationRate>0.02</DeteriorationRate>
			<Nutrition>0.04</Nutrition>
		</statBases>
		<generateCommonality>0.7</generateCommonality>
		<ingestible>
			<tasteThought>AtePickledVeg</tasteThought>
		</ingestible>
  	</ThingDef>
	
	<RecipeDef>
		<defName>Make_FRMT_VegPickled</defName>
		<label>pickle veg</label>
		<description>Prepare vegetables in vinegar.</description>
		<jobString>Preparing vegetables in vinegar.</jobString>
		<workSpeedStat>DrugCookingSpeed</workSpeedStat>
		<workSkill>Cooking</workSkill>
		<effectWorking>Cook</effectWorking>
		<soundWorking>Recipe_Brewing</soundWorking>
		<allowMixingIngredients>true</allowMixingIngredients>
		<workAmount>1200</workAmount>
		<targetCountAdjustment>25</targetCountAdjustment>
		<ingredientValueGetterClass>Fermenter.IngredientValueGetter_Pickling</ingredientValueGetterClass>
		<ingredients>
			<li>
				<filter>
					<categories>
						<li>PlantFoodRaw</li>
					</categories>
					<disallowedThingDefs>
						<li>RawFungus</li>
						<li>RawAgave</li>
						<li>RawBerries</li>
						<li>FRMT_VegPickled</li>
						<li>FRMT_FruitPickled</li>
						<li>FRMT_FungiPickled</li>
						<li>FRMT_DamagedFruitMash</li>
						<li>FRMT_Butter</li>
						<li>FRMT_CornOil</li>
						<li>FRMT_OliveOil</li>
						<li>FRMT_SesameOil</li>
						<li>FRMT_SunflowerOil</li>
					</disallowedThingDefs>
				</filter>
				<count>1.25</count>
			</li>
			<li>
				<filter>
					<thingDefs>
						<li>FRMT_Vinegar</li>
					</thingDefs>
				</filter>
				<count>12</count>
			</li>
		</ingredients>
		<fixedIngredientFilter>
			<categories>
				<li>PlantFoodRaw</li>
			</categories>
			<thingDefs>
				<li>FRMT_Vinegar</li>
			</thingDefs>
			<disallowedThingDefs>
				<li>RawFungus</li>
				<li>RawAgave</li>
				<li>RawBerries</li>
				<li>FRMT_VegPickled</li>
				<li>FRMT_FruitPickled</li>
				<li>FRMT_FungiPickled</li>
				<li>FRMT_DamagedFruitMash</li>
				<li>FRMT_Butter</li>
				<li>FRMT_CornOil</li>
				<li>FRMT_OliveOil</li>
				<li>FRMT_SesameOil</li>
				<li>FRMT_SunflowerOil</li>
			</disallowedThingDefs>
		</fixedIngredientFilter>
		<products>
			<FRMT_VegPickled>25</FRMT_VegPickled>
		</products>
		<recipeUsers>
			<li>Brewery</li>
		</recipeUsers>
	</RecipeDef>
	
	<!--  Pickled Fruit -->
	
	<ThingDef ParentName="FRMT_RawVegBase">
    	<defName>FRMT_FruitPickled</defName>
    	<label>Pickled Fruit</label>
    	<description>Fruit that has been prepared in vinegar for preserving.</description>
    	<graphicData>
      		<texPath>Things/Item/Resource/FRMT_FruitPickled</texPath>
      		<graphicClass>Graphic_StackCount</graphicClass>
    	</graphicData>
    	<statBases>
      		<MarketValue>4.8</MarketValue>
			<DeteriorationRate>0.02</DeteriorationRate>
			<Nutrition>0.04</Nutrition>
		</statBases>
		<generateCommonality>0.5</generateCommonality>
		<ingestible>
			<tasteThought>AtePickledFruit</tasteThought>
		</ingestible>
  	</ThingDef>
	
	<RecipeDef>
		<defName>Make_FRMT_FruitPickled</defName>
		<label>pickle fruits</label>
		<description>Prepare fruit in vinegar.</description>
		<jobString>Preparing fruit in vinegar.</jobString>
		<workSpeedStat>DrugCookingSpeed</workSpeedStat>
		<workSkill>Cooking</workSkill>
		<effectWorking>Cook</effectWorking>
		<soundWorking>Recipe_Brewing</soundWorking>
		<allowMixingIngredients>true</allowMixingIngredients>
		<workAmount>1000</workAmount>
		<targetCountAdjustment>25</targetCountAdjustment>
		<ingredientValueGetterClass>Fermenter.IngredientValueGetter_Pickling</ingredientValueGetterClass>
		<ingredients>
			<li>
				<filter>
					<thingDefs>
						<li>RawAgave</li>
						<li>RawBerries</li>
					</thingDefs>
					<disallowedThingDefs>
						<li>RawFungus</li>
						<li>FRMT_VegPickled</li>
						<li>FRMT_FruitPickled</li>
						<li>FRMT_FungiPickled</li>
						<li>FRMT_DamagedFruitMash</li>
						<li>FRMT_Butter</li>
						<li>FRMT_CornOil</li>
						<li>FRMT_OliveOil</li>
						<li>FRMT_SesameOil</li>
						<li>FRMT_SunflowerOil</li>
					</disallowedThingDefs>
				</filter>
				<count>1.25</count>
			</li>
			<li>
				<filter>
					<thingDefs>
						<li>FRMT_Vinegar</li> 
					</thingDefs>
				</filter>
				<count>12</count>
			</li>
		</ingredients>
		<fixedIngredientFilter>
			<thingDefs>
				<li>RawAgave</li>
				<li>RawBerries</li>
				<li>FRMT_Vinegar</li>
			</thingDefs>
			<disallowedThingDefs>
				<li>RawFungus</li>
				<li>FRMT_VegPickled</li>
				<li>FRMT_FruitPickled</li>
				<li>FRMT_FungiPickled</li>
				<li>FRMT_DamagedFruitMash</li>
				<li>FRMT_Butter</li>
				<li>FRMT_CornOil</li>
				<li>FRMT_OliveOil</li>
				<li>FRMT_SesameOil</li>
				<li>FRMT_SunflowerOil</li>
			</disallowedThingDefs>
		</fixedIngredientFilter>
		<products>
			<FRMT_FruitPickled>25</FRMT_FruitPickled>
		</products>
		<recipeUsers>
			<li>Brewery</li>
		</recipeUsers>
	</RecipeDef>
	
	<!--  Pickled Fungi -->
	
	<ThingDef ParentName="FRMT_RawVegBase">
    	<defName>FRMT_FungiPickled</defName>
    	<label>Pickled Fungi</label>
    	<description>Fungus that has been prepared in vinegar for preserving.</description>
    	<graphicData>
      		<texPath>Things/Item/Resource/FRMT_FungiPickled</texPath>
      		<graphicClass>Graphic_StackCount</graphicClass>
    	</graphicData>
    	<statBases>
      		<MarketValue>5.0</MarketValue>
			<DeteriorationRate>0.02</DeteriorationRate>
			<Nutrition>0.04</Nutrition>
		</statBases>
		<generateCommonality>0.4</generateCommonality>
		<ingestible>
			<foodType>Meat</foodType>
			<preferability>RawTasty</preferability>
			<ingestEffect>EatMeat</ingestEffect>
			<ingestSound>RawMeat_Eat</ingestSound>
			<tasteThought>AtePickledFungi</tasteThought>
		</ingestible>
		<thingCategories Inherit="false">
			<li>MeatRaw</li>
			<li>FRMT_Pickles</li>
		</thingCategories>
  	</ThingDef>
	
	<RecipeDef>
		<defName>Make_FRMT_FungiPickled</defName>
		<label>pickle fungi</label>
		<description>Prepare fungi in vinegar.</description>
		<jobString>Preparing fungi in vinegar.</jobString>
		<workSpeedStat>DrugCookingSpeed</workSpeedStat>
		<workSkill>Cooking</workSkill>
		<effectWorking>Cook</effectWorking>
		<soundWorking>Recipe_Brewing</soundWorking>
		<allowMixingIngredients>true</allowMixingIngredients>
		<workAmount>1000</workAmount>
		<targetCountAdjustment>25</targetCountAdjustment>
		<ingredientValueGetterClass>Fermenter.IngredientValueGetter_Pickling</ingredientValueGetterClass>
		<ingredients>
			<li>
				<filter>
					<thingDefs>
						<li>RawFungus</li>
					</thingDefs>
					<disallowedThingDefs>
						<li>RawAgave</li>
						<li>RawBerries</li>
						<li>FRMT_VegPickled</li>
						<li>FRMT_FruitPickled</li>
						<li>FRMT_FungiPickled</li>
						<li>FRMT_DamagedFruitMash</li>
						<li>FRMT_Butter</li>
						<li>FRMT_CornOil</li>
						<li>FRMT_OliveOil</li>
						<li>FRMT_SesameOil</li>
						<li>FRMT_SunflowerOil</li>
					</disallowedThingDefs>
				</filter>
				<count>1.25</count>
			</li>
			<li>
				<filter>
					<thingDefs>
						<li>FRMT_Vinegar</li> 
					</thingDefs>
				</filter>
				<count>12</count>
			</li>
		</ingredients>
		<fixedIngredientFilter>
			<thingDefs>
				<li>RawFungus</li>
				<li>FRMT_Vinegar</li>
			</thingDefs>
			<disallowedThingDefs>
				<li>RawAgave</li>
				<li>RawBerries</li>
				<li>FRMT_VegPickled</li>
				<li>FRMT_FruitPickled</li>
				<li>FRMT_FungiPickled</li>
				<li>FRMT_DamagedFruitMash</li>
				<li>FRMT_Butter</li>
				<li>FRMT_CornOil</li>
				<li>FRMT_OliveOil</li>
				<li>FRMT_SesameOil</li>
				<li>FRMT_SunflowerOil</li>
			</disallowedThingDefs>
		</fixedIngredientFilter>
		<products>
			<FRMT_FungiPickled>25</FRMT_FungiPickled>
		</products>
		<recipeUsers>
			<li>Brewery</li>
		</recipeUsers>
	</RecipeDef>

</Defs>